Repo Name,File Name,File Type,Release Version,TLSH Hash,Commit_Distance,SHA256 Hash,Imphash,Date Added,Intel
owasp-amass/amass,amass_Darwin_amd64/amass,v4.2.0,T164976B83E45081E4C9DDD234CA6582467B707C898B3067DB2B21FAB46E72FD46BBE354,04cfbb0a5628f01811f14c2d36cf00bb684d2c289c9dcb136aba990c36ba7b31,N/A,2023-09-10T20:40:57Z,https://github.com/owasp-amass/amass
owasp-amass/amass,amass_Darwin_arm64/amass,v4.2.0,T1F4978ED6B80CA551DA88BBB4BB5842887338FC85DF41C56B6611FB9EECF17A08F16350,abc0cc963230d755f9b9d3d00285e99a44498578ae12d58841e02d5eeb9b60d3,N/A,2023-09-10T20:40:57Z,https://github.com/owasp-amass/amass
owasp-amass/amass,amass_Freebsd_amd64/amass,v4.2.0,T19F876B47A89141E4C5EDC234C6698292BB703C894F3463D73B60FAB52F72BD49B7A364,6880b5357928980603067d84c08e5e2f7709efade8f331e51e6ef6fb59952d10,N/A,2023-09-10T20:40:57Z,https://github.com/owasp-amass/amass
owasp-amass/amass,amass_Freebsd_arm64/amass,v4.2.0,T105779ED97C2DA461EA88BFB4BB2441D47238BC85DF81C6276601FFDEA9F13188F16251,1c085162d78a5e0aba727a15d04127750846700ba0c3c8b0b19980aec51102e0,N/A,2023-09-10T20:40:57Z,https://github.com/owasp-amass/amass
owasp-amass/amass,amass_Freebsd_i386/amass,v4.2.0,T14C777B81FDCB50F6EA074930A0DBE27F67356C018B39DAC7EA40BF1AE9762D21936145,276a1e4ca2f2265d1ed1af15f4699a0d4d2f33d7aa883182ca31e2d85b9d38a6,N/A,2023-09-10T20:40:57Z,https://github.com/owasp-amass/amass
owasp-amass/amass,amass_Linux_amd64/amass,v4.2.0,T1F1876A43A89181E4C1EED134C66982A27B703C895B3063D73B60FBB92F76BD46B79354,a1a4c46d92072b5724696ee180cbf09023d4ab943b9a82d2c5ab20b112bfcf32,N/A,2023-09-10T20:40:57Z,https://github.com/owasp-amass/amass
owasp-amass/amass,amass_Linux_arm/amass,v4.2.0,T188776B87B8918642C4E8363AB8BD80C873731EF9979A615B5D01FE393BBD5D90E39344,83b675e0d84f88aa0b57b6c8760e5075d5fc5ef9d00b33d8c965f42de69cd4ba,N/A,2023-09-10T20:40:57Z,https://github.com/owasp-amass/amass
owasp-amass/amass,amass_Linux_arm64/amass,v4.2.0,T118778CE97C1DA422EAD87BB8BB2841D47238FC45DF81C2276611FF9E99F13588F25250,cc56f548732d8709994103f869c403273c2181c637df63ff442be64beb6780fa,N/A,2023-09-10T20:40:57Z,https://github.com/owasp-amass/amass
owasp-amass/amass,amass_Linux_i386/amass,v4.2.0,T14D777D51EDCB40F6EA071D7054EFA26F13316E058B29DAC7E600BF2AE97B6C2093615D,69165f2040d6ce9c13630fb6cf7c1c2f3883c8bf285403908f7b2602f17a9357,N/A,2023-09-10T20:40:57Z,https://github.com/owasp-amass/amass
owasp-amass/amass,amass_Windows_amd64/amass.exe,v4.2.0,T190876A43E89081E4C1EDD175CA258292BB703C994B3063D73B60FAB96F72BD46A7E354,25dca8c6844f44218ced94e4ed6d22349131eb23ac871e125e0631d2c5953717,9cbefe68f395e67356e2a5d8d1b285c0,2023-09-10T20:40:57Z,https://github.com/owasp-amass/amass
owasp-amass/amass,amass_Darwin_amd64/amass,v4.1.0,T1A5977B87E49041E4CADDD234C96882567B707C889B3067DB3B61FA746E72BE05BBE350,671c84a90e9d22419318dcc3ecf905bfd4991bdefabc6ee13c4647b04ac26474,N/A,2023-07-29T02:23:23Z,https://github.com/owasp-amass/amass
owasp-amass/amass,amass_Darwin_arm64/amass,v4.1.0,T171978CD6780DA461DAC8BBB4BB5442C87338FC85DF41C56A6611FB6EECF17A08F1A250,cd084bb24e32125f250fd7783d0252eb830a51461ecbc51cf257f4013799201e,N/A,2023-07-29T02:23:23Z,https://github.com/owasp-amass/amass
owasp-amass/amass,amass_Freebsd_amd64/amass,v4.1.0,T132876A47E89081E4C5EDD134CA299296BBB03C894B3023D73B60FAB52F76BD45B7A354,17b5bcc362b90a1324e20a68a18ee88aebe7c70ceb5a73037fb2e18b91f218f2,N/A,2023-07-29T02:23:23Z,https://github.com/owasp-amass/amass
owasp-amass/amass,amass_Freebsd_arm64/amass,v4.1.0,T1F8778EE97C1DB552EAD87BB4BB2441D47238BC85DF81C2276A01FFAE99F13588F21250,c63be69602b9c095be7c838c2031ddd481dc2576f4c19cbd16e19b8df175d575,N/A,2023-07-29T02:23:23Z,https://github.com/owasp-amass/amass
owasp-amass/amass,amass_Freebsd_i386/amass,v4.1.0,T15B777C81FDCB40F6EA43197060DBA26F67356C018B35DAC7EA50BF2AF8772D21A36145,8b504752236dbe010e9805ae005ca4cbe4ad3959791970c4185b7d7fed89fbe3,N/A,2023-07-29T02:23:23Z,https://github.com/owasp-amass/amass
owasp-amass/amass,amass_Linux_amd64/amass,v4.1.0,T185876B43E89081E4C1EED134CA6982967B703C895B3063D73B60FAB52F76BD46B7A354,e62e649dcac1e29dcd4de52f31190f7f37bd8987281f34f740c4d0178f044795,N/A,2023-07-29T02:23:23Z,https://github.com/owasp-amass/amass
owasp-amass/amass,amass_Linux_arm/amass,v4.1.0,T130776B87B8918653C5E4363ABCBD81C833721EF99B9A615B5D00FE383ABD5D90E39344,88a9785e86ecc28c5ed0626ab050e8bce1d1011b44ca156460f9b83dd5b3a4bf,N/A,2023-07-29T02:23:23Z,https://github.com/owasp-amass/amass
owasp-amass/amass,amass_Linux_arm64/amass,v4.1.0,T101779EE97C1DA862EAD87EB87B2841D47238BC45DF81C1676611FFDEA8F13188F25250,17e221a8affea5502081eb099094f41075b44e3c44fb153910e797f0a48ab3d9,N/A,2023-07-29T02:23:23Z,https://github.com/owasp-amass/amass
owasp-amass/amass,amass_Linux_i386/amass,v4.1.0,T1E6777D91FDCB40F6EA031D3054AFA26F13316D058B24DAC7EA50BF1AE97B6D2093A15D,7131f9079dd4ef096efb968ef2f15a5f31563021c6858d479b7caf47d8f244af,N/A,2023-07-29T02:23:23Z,https://github.com/owasp-amass/amass
owasp-amass/amass,amass_Windows_amd64/amass.exe,v4.1.0,T172875A43F89181E4C5EDD134CA268292BBB07C8A5B3023D73B60FAA52F76BD45A7D354,b6e6f20bfae6bf37875e82955fcbc0052326daab8234d4929d88174e6887e02e,9cbefe68f395e67356e2a5d8d1b285c0,2023-07-29T02:23:23Z,https://github.com/owasp-amass/amass
owasp-amass/amass,amass_Darwin_amd64/amass,v4.0.4,T16E976B83E45081E4CADDD234C96982567B707C889B3067D72B61FAB46E72FE45BBE340,edacbbb973b7c4a8cda012adb38b27f9b5bfd4127f5246fe5450672b2a5c871f,N/A,2023-07-25T19:24:45Z,https://github.com/owasp-amass/amass
owasp-amass/amass,amass_Darwin_arm64/amass,v4.0.4,T183978DD6780D6462DAC8BBB0BB5442C87338BC85DF41C56AA611FB6EECF17908F1A351,3717f128de177dd89fa8f79c98f3df7ec5f66e9acc096a7b524642f14ec7c977,N/A,2023-07-25T19:24:45Z,https://github.com/owasp-amass/amass
owasp-amass/amass,amass_Freebsd_amd64/amass,v4.0.4,T19C875A43E85085E4C5EDD134CA2992967BB03C894B3023D73B60FAB52F76BD46BBA354,1227ac6a79dd0bc981f70e64dd15ee6dfd19364a13dce23519f9655483ba8b5e,N/A,2023-07-25T19:24:45Z,https://github.com/owasp-amass/amass
owasp-amass/amass,amass_Freebsd_arm64/amass,v4.0.4,T1D8778DE97C1DA451EAD8BBB4BB6840D47238BC85DF81C227A611FF9EE9F13188F11251,f78d3f920b9fcd4005c48007e4f46769497198b6239e66f3429fe4d547f8abf4,N/A,2023-07-25T19:24:45Z,https://github.com/owasp-amass/amass
owasp-amass/amass,amass_Freebsd_i386/amass,v4.0.4,T1CA777C41FECB41F6EA431970609BE26F67352C01CB39DAC7EA50BF2AE8772D21936145,dc9b969f67d7f92232120871c5c40c31f16e6485055e672b4fe2ea5c4dece839,N/A,2023-07-25T19:24:45Z,https://github.com/owasp-amass/amass
owasp-amass/amass,amass_Linux_amd64/amass,v4.0.4,T113875A43E89081E4C1EED134CA6982927B713C895B3463D73B60FAB52F72BD46B7A354,cd227cb6906bba8f277e6c3bcaac00cbf924fb55ecb3408c89edd37ac5e66d0b,N/A,2023-07-25T19:24:45Z,https://github.com/owasp-amass/amass
owasp-amass/amass,amass_Linux_arm/amass,v4.0.4,T10F775C87B8918643C4E4363AB8BD81C833721EF99B9A615B5D01FD393BBE5D90E39344,f9e5e2462774c24bfd4d1936121525b39d5743a50dbdc381caca5ba7ce36a6ab,N/A,2023-07-25T19:24:45Z,https://github.com/owasp-amass/amass
owasp-amass/amass,amass_Linux_arm64/amass,v4.0.4,T11A778EE97C1DA822EAD87BB87B2841D47234BC45DF81C1677611BFDEA8F13588F25290,569afa3d9254ac3cc04af00a199a5b75b55fbe4f656672fa38001ab13f00be3d,N/A,2023-07-25T19:24:45Z,https://github.com/owasp-amass/amass
owasp-amass/amass,amass_Linux_i386/amass,v4.0.4,T187777C91EDCB40F6EA030D7054EFA27F17306E058B24DAC7E640BF2AE9776D2193A159,83136567b426b413dcc879698492cf214c55c0763c714ff7cc138abde33c7d12,N/A,2023-07-25T19:24:45Z,https://github.com/owasp-amass/amass
owasp-amass/amass,amass_Darwin_amd64/amass,v4.0.3,T1D7976B87E49041E4CADDD234CA6882967B707C849B3067D72B61FAB46E72FD45BBE340,568ac5e66d879c95ededc1d46ccd13952ba0b51df5c324da1e1d448be65818c9,N/A,2023-07-24T04:35:54Z,https://github.com/owasp-amass/amass
owasp-amass/amass,amass_Darwin_arm64/amass,v4.0.3,T15A978DD6780D6561DAC8BBB4BB5442C87338BC85DF41C56BA611FB6EECF13908F2A250,fde6d90342a6af0a336f3a3cf1641b1620aa09e33bf48bede2d2e3ebaab6804f,N/A,2023-07-24T04:35:54Z,https://github.com/owasp-amass/amass
owasp-amass/amass,amass_Freebsd_amd64/amass,v4.0.3,T145876A43E85085E4C5EDD134CA2992967BB03C894B3023D73B60FAB52F76BD46BBA354,e91057321f937ef1de62f8f5204c8a41ad774765b3004123f572359626016f7f,N/A,2023-07-24T04:35:54Z,https://github.com/owasp-amass/amass
owasp-amass/amass,amass_Freebsd_arm64/amass,v4.0.3,T183778DE97D1DA451EAD8ABB4BB6440D47238BC85DF81C227A601FFDEE9F13188F21251,4380e118ac295a0cc9cb25d1fb0b8742ba76c4cce67f67ff2a76207dec9e8876,N/A,2023-07-24T04:35:54Z,https://github.com/owasp-amass/amass
owasp-amass/amass,amass_Freebsd_i386/amass,v4.0.3,T19A777D41FACB41F6EA43197060DBE26F67352C01CB39DAC7EA50BF1AE8772D21A36145,e514fadf59f704b7624e8616db031397b9ed15741e8bfd1b180fdb63ffc4faa4,N/A,2023-07-24T04:35:54Z,https://github.com/owasp-amass/amass
owasp-amass/amass,amass_Linux_amd64/amass,v4.0.3,T12F875A43E89081E4C5EED134CA6982927B713C895B3063D73B60FAB52F72BD46B7A354,e69220b731c84be017aa88ad357e60d1bc50e514fcdea205615379b1451624c0,N/A,2023-07-24T04:35:54Z,https://github.com/owasp-amass/amass
owasp-amass/amass,amass_Linux_arm/amass,v4.0.3,T1E3775C87B8918683C5E4363AB8BD81C833721EF99B9B615B5D00FD393ABD5D90E39344,fc6c73342d2122283f305aa8f7ba7d94401cfce2fb886df7ebf95da60c0f1895,N/A,2023-07-24T04:35:54Z,https://github.com/owasp-amass/amass
owasp-amass/amass,amass_Linux_arm64/amass,v4.0.3,T116778EE97C1DA822EAD87AB87B2841D47234BC45DF81C1677611FFDEA8F13588F25290,77f656c836e2072d1ee5573bd9359a4a60040b1a84c5547c5dba34639165c8df,N/A,2023-07-24T04:35:54Z,https://github.com/owasp-amass/amass
owasp-amass/amass,amass_Linux_i386/amass,v4.0.3,T1E3778D91FDCB40F6EA031D3054AFA26F17316E05CB24DAC7EA40BF1AE97B6D20936159,c66dac4d5a43417102f43bbc80b27c4c8a0151ae9af45961b30735b128694c82,N/A,2023-07-24T04:35:54Z,https://github.com/owasp-amass/amass
owasp-amass/amass,amass_Windows_amd64/amass.exe,v4.0.3,T131875B47F89181E4C5EDD134CA268292BBB07C8A4B3023D73B60FAB52F76BD45A79354,b907274142f9a342d7e813efe5a78605e38d98d17357075fd9da31273eebf1de,9cbefe68f395e67356e2a5d8d1b285c0,2023-07-24T04:35:54Z,https://github.com/owasp-amass/amass
owasp-amass/amass,amass_Darwin_amd64/amass,v4.0.2,T144976C87E89041E4CADDD234CA6882567B707C889B3067D73B61FA746E72BD41BBE350,968ad19c6e16438157f98ff51798d092cbd4eaea46a1ca83def4e400914f99cd,N/A,2023-07-20T20:50:09Z,https://github.com/owasp-amass/amass
owasp-amass/amass,amass_Darwin_arm64/amass,v4.0.2,T131977DD6780D6562DAC8BBB0BB5442C87338BC85DF41C56AA611FB6EECF17908F1A350,f52972d9fe6b6d5e290fe5b623bd26713aecffff63eac0e625c2b747d76d019d,N/A,2023-07-20T20:50:09Z,https://github.com/owasp-amass/amass
owasp-amass/amass,amass_Freebsd_amd64/amass,v4.0.2,T108875B43E89185E4C5EDD134CA6982927B703C894B3023D73BA0FAB52F76BD49B7A354,d87dff806c10435558f80142d61938a518a95725343844c6dbbe09fcff09ad8c,N/A,2023-07-20T20:50:09Z,https://github.com/owasp-amass/amass
owasp-amass/amass,amass_Freebsd_arm64/amass,v4.0.2,T1D3777DE97C1DB562EAD86FB4BB6440D47238BC85DF81C2276611FF9E99F13288F21250,08a9ef08b089dd0f49d90993c1560620cb933409c6a03d61ddd274617d2674ff,N/A,2023-07-20T20:50:09Z,https://github.com/owasp-amass/amass
owasp-amass/amass,amass_Freebsd_i386/amass,v4.0.2,T152777C81F9CB41F6EA431970609BE26F67352C01CB39DAC7EA50BF2BE8772D21936145,23085827b99bbb250a4ef034f6f136bc4b07ba94e717e25c17045d172038e79a,N/A,2023-07-20T20:50:09Z,https://github.com/owasp-amass/amass
owasp-amass/amass,amass_Linux_amd64/amass,v4.0.2,T176875A43E89181E4C1EED134CA6582927B703C895B3063D73B60FAB92F76BD46B7A354,a9396a4ced6fecfc50641041018e9fa7217ede0034c35c0ce0f0d5d3eaf8ddbb,N/A,2023-07-20T20:50:09Z,https://github.com/owasp-amass/amass
owasp-amass/amass,amass_Linux_arm/amass,v4.0.2,T1F5775C97B8918683C4E4363AF8BD81C833721EF99796615B5D00FE393ABE5D90E39344,4bea6b33e1e2c104c08b0a94781a6848a5428d903910d102e7882e8f023e9e44,N/A,2023-07-20T20:50:09Z,https://github.com/owasp-amass/amass
owasp-amass/amass,amass_Linux_arm64/amass,v4.0.2,T1C4778EE97C1DA822EAD87EB87B6841D47234BC45DF81C1677611BFEEA8F13188F25250,27d6c84d4e2b63473374fa8d6bcaf1748576e86b3246cdb3ef7d9c88912c683e,N/A,2023-07-20T20:50:09Z,https://github.com/owasp-amass/amass
owasp-amass/amass,amass_Linux_i386/amass,v4.0.2,T13E777C51EDCB80F6EA430D3054EEE26F67316D05CB24DAC7EA40BF2AE57B6C20936159,07b20cb08ccfa2f5eade204447100600642aee3a9d10d178b006a62ffef732f9,N/A,2023-07-20T20:50:09Z,https://github.com/owasp-amass/amass
owasp-amass/amass,amass_Windows_amd64/amass.exe,v4.0.2,T149875A43F89141E4C5EDD134CA2582927B707C8A4B3063D73B60FAA92F76BD46A7E394,28b0603884709c40048fbb77438e08db2f07fede2b22d7e5288b7334f7dd171b,9cbefe68f395e67356e2a5d8d1b285c0,2023-07-20T20:50:09Z,https://github.com/owasp-amass/amass
owasp-amass/amass,amass_Darwin_amd64/amass,v4.0.1,T1F1976C87E85041E4CADDD234CA6882567B707C899B3067DB2B21F6B56E72FD05BBE340,cd12e4623da7623a9000d0edab778d22cb28a463d8640b5a99ea65c2e69dd389,N/A,2023-07-20T01:03:17Z,https://github.com/owasp-amass/amass
owasp-amass/amass,amass_Darwin_arm64/amass,v4.0.1,T1FA977DD9780DA462DAC8BBB0BB5442C87338BC85DF41C56B6611FB5EACF17908F6A350,07f02b4b015ad9a138675fa9d9727d8559c5940f9df1a0b851805b72f43b7c06,N/A,2023-07-20T01:03:17Z,https://github.com/owasp-amass/amass
owasp-amass/amass,amass_Freebsd_amd64/amass,v4.0.1,T172875B43E89181E4C5EDD134CA698292BB703C894B3063D73BA0FAB52F77BD45A7A354,c4a7cf6c0cc42515b0727c9e59ac1ffd7bf5d63da0c96999bf8453056d74a5fe,N/A,2023-07-20T01:03:17Z,https://github.com/owasp-amass/amass
owasp-amass/amass,amass_Freebsd_arm64/amass,v4.0.1,T117778ED97C1CB452EAD8BBB4BB6440D47239FC85DF81C227A611BF9E99F13188F22251,cadb3728b2abfcb7766c669e295fbe0a4b55234817b18cf1a66a5e07ee41cd14,N/A,2023-07-20T01:03:17Z,https://github.com/owasp-amass/amass
owasp-amass/amass,amass_Freebsd_i386/amass,v4.0.1,T155777C81FACB40F6EA035970609BA27F67356D018F38DAC7EA407F1AE8776D11A37149,eb47564dd877a889ba236ce5c46565e6056d61b3564cba7e5d8247e8dfbacd95,N/A,2023-07-20T01:03:17Z,https://github.com/owasp-amass/amass
owasp-amass/amass,amass_Linux_amd64/amass,v4.0.1,T136875C47E85081E4C5EED134C66982967B703C8A4B3063D73B60FAB52F72BD46B7A394,2d9f277c980dc75558d42ebe0727c71f67a08f771e5240f62e3d2c0651aefe27,N/A,2023-07-20T01:03:17Z,https://github.com/owasp-amass/amass
owasp-amass/amass,amass_Linux_arm/amass,v4.0.1,T122776C97B8918693C4E4263AB8BD80C833721EF9D79A515B5D00FE387BBE5D90E39344,d66b43b78101c69703f0dfaf9b4158026078183fd81d0367368ad5f07720a86d,N/A,2023-07-20T01:03:17Z,https://github.com/owasp-amass/amass
owasp-amass/amass,amass_Linux_arm64/amass,v4.0.1,T11177AEE87C1DA462EAD87BB87B5841E47238BC85DF81D1677601FF9EA9F13188F21250,f04a0632e9752a561ceedacda7a35af3c35834c861ce2bde4af8cb41919f57b3,N/A,2023-07-20T01:03:17Z,https://github.com/owasp-amass/amass
owasp-amass/amass,amass_Linux_i386/amass,v4.0.1,T148778D51FDCB40F6EA030D3054AFA27F17316D058B24DAC7EA50BF2AE977AD2193A119,8d4a16bdaa7f276677ada2502242894e07babb8a995c271318fe383c1cd9d4f3,N/A,2023-07-20T01:03:17Z,https://github.com/owasp-amass/amass
owasp-amass/amass,amass_Windows_amd64/amass.exe,v4.0.1,T1A1876B47F89081E4C5EDC134CA2582A6BB707C8A4B3023D73B60FAB56F76BD46A79354,51288ae38fb83063af925043d56a0e89566834ff05b47e409690545bd8194275,9cbefe68f395e67356e2a5d8d1b285c0,2023-07-20T01:03:17Z,https://github.com/owasp-amass/amass
owasp-amass/amass,amass_Darwin_amd64/amass,v3.23.3,T15A776C83F48082A8C6DDC230C56981567B70BC459B2067DB3B60FAB56F76BE45BBE350,ebea41ebf3d050fe303b9572b25a0ee0102627cae40d14b3f8538a1a2aa7317d,N/A,2023-06-20T21:57:11Z,https://github.com/owasp-amass/amass
owasp-amass/amass,amass_Darwin_arm64/amass,v3.23.3,T15A679CE5B80CA551DF886EB07B6442942334FC41DF82D66B6621FFADACF13D48F2A251,6f7daa8ea1f4a5b7aee39ac04a0532a9bc78af65ea52944024bca2783de3f3d4,N/A,2023-06-20T21:57:11Z,https://github.com/owasp-amass/amass
owasp-amass/amass,amass_Freebsd_amd64/amass,v3.23.3,T107676A47F88181E4C5EDD134C52682627BB03C859F3063D72B60FAB92A76BD46B7E394,de0cc16ce9f26080ee11da9f5f755f41656f1730eb743de8042c89c201afa342,N/A,2023-06-20T21:57:11Z,https://github.com/owasp-amass/amass
owasp-amass/amass,amass_Freebsd_arm64/amass,v3.23.3,T17657AEE9BC1DA412FA986EB87B2941D47338FC45DF81C22B7601BBDD99F13588F29250,9179752b7e2d2d23c40a987b533f3383afea2ad57cf835ed6f5ca1197aca11fb,N/A,2023-06-20T21:57:11Z,https://github.com/owasp-amass/amass
owasp-amass/amass,amass_Freebsd_i386/amass,v3.23.3,T143577B82E9CB40F6EA071D30649BE26F37356D018B29DAC7E644BF2BF8371D11A7A145,820cc2285d4507e5086597ac2ea67b4ae46947304ef5baf90891c88c4cfc176f,N/A,2023-06-20T21:57:11Z,https://github.com/owasp-amass/amass
owasp-amass/amass,amass_Linux_amd64/amass,v3.23.3,T1A4677A83F89181E8C5EDC134C5698262BB703C858F3467D73B60FAB92A76BD45B7A350,a8d31d6c628ce65fc6c42d691c3d3b134e9c8283cd8df9b9ffb062a1b17d78d0,N/A,2023-06-20T21:57:11Z,https://github.com/owasp-amass/amass
owasp-amass/amass,amass_Linux_arm/amass,v3.23.3,T1AA577E97B8918682C5E43A3ABCBD80C833B31EB9978B515B5D00FD793ABD1D90E39354,21d54b78119614fc8023994edac2c3ba6fd0ec0fc61aa11a0d615827f288fe4c,N/A,2023-06-20T21:57:11Z,https://github.com/owasp-amass/amass
owasp-amass/amass,amass_Linux_arm64/amass,v3.23.3,T1C557AEE9BC1DA411EE986EB4BB6841D4B234BC45CF81C26B7211FFDE99F27588F16240,bbd3a701688a063e587d4e4a3de41aef69b2d4c6ede14f171b51e6e205a2cad4,N/A,2023-06-20T21:57:11Z,https://github.com/owasp-amass/amass
owasp-amass/amass,amass_Linux_i386/amass,v3.23.3,T103578D51E9CB40F6DA034D3048EFE26F27316E058B28EAC7E600BF5AF97B5D10976169,86f06ddbdba29ac8bc269b88d3df128204ede7d5e21a96c545160ff7d4ec5f86,N/A,2023-06-20T21:57:11Z,https://github.com/owasp-amass/amass
owasp-amass/amass,amass_Windows_amd64/amass.exe,v3.23.3,T109676A83F89181E8C5EDD174C5258252BBB03C859B3067D73B60FAB92B72BD46B7A350,d07881bce8c8ae37f22c950f6f2c4fafab6f3684b2dccf29ade050e2fa017cf2,9cbefe68f395e67356e2a5d8d1b285c0,2023-06-20T21:57:11Z,https://github.com/owasp-amass/amass
owasp-amass/amass,amass_Darwin_amd64/amass,v3.23.2,T1F9776C83F48082E8CADDC130C56981527B707C459B2067DB7B60FAB96E76BE45BBE350,4516f260bde505858fa4e8c9681f763e366173b4bc41152759644090f4dca4ca,N/A,2023-05-09T14:33:51Z,https://github.com/owasp-amass/amass
owasp-amass/amass,amass_Darwin_arm64/amass,v3.23.2,T1A7679CD5B80CA555DE88AAB07B6442D43335FC45DF81CA6BA520FFADACF13D48F29260,8e3686b0552b25c22d8d47a4e11c07f868521e6a77951c7247117f2206d8f957,N/A,2023-05-09T14:33:51Z,https://github.com/owasp-amass/amass
owasp-amass/amass,amass_Freebsd_amd64/amass,v3.23.2,T1EE676A57F49181E4C5EED13485268252BBB03C859F3023D72B60FAB92B76BD4AB7E350,f3aedcebbbc4d703d5196424cd6f78535a62c10e8bb656205ce616423ec7243a,N/A,2023-05-09T14:33:51Z,https://github.com/owasp-amass/amass
owasp-amass/amass,amass_Freebsd_arm64/amass,v3.23.2,T19457BFE97C5DA411EAD8AEB47B6540D43339FC46CF81C22BA610BFDDA9F23588F29150,5f807114c3aac047f63b6114180752daf730951233e25032d7e842eb40ee6a21,N/A,2023-05-09T14:33:51Z,https://github.com/owasp-amass/amass
owasp-amass/amass,amass_Freebsd_i386/amass,v3.23.2,T119577C81F9CB40F6EA031D30689BA26F37356C01CB29DAC7E944BF5AF8771D60A7A145,d5361f3fddd6ee94151a199dc7135eaf0af03d7ac8ee359dd230c506432c8697,N/A,2023-05-09T14:33:51Z,https://github.com/owasp-amass/amass
owasp-amass/amass,amass_Linux_amd64/amass,v3.23.2,T186676A47F89181E4C5EDD134C96682627B703C859B3067DB3B20FAB92B72BD45BBA350,10acbc7df94dd075c0f066ca796d11b3f43b64b6c9941091385b24fe7d7a611e,N/A,2023-05-09T14:33:51Z,https://github.com/owasp-amass/amass
owasp-amass/amass,amass_Linux_arm/amass,v3.23.2,T191577C87B8D18683C4E42A36BCBD80C837B31EB9978B555B5D00FD793ABE1D90A39354,10fae1c9ca03c2e7433b2736a70ab1b699405379ca0093aa6f34ccca0d10b061,N/A,2023-05-09T14:33:51Z,https://github.com/owasp-amass/amass
owasp-amass/amass,amass_Linux_arm64/amass,v3.23.2,T13457AEE8BC2CA411EA987FB47B6841D47334FC45DF81C56BA611BBDEA9F13588F26240,61436e3ab613e58fc489f036ef674bf66f666fa9c3da982de0e96dae30dad2b6,N/A,2023-05-09T14:33:51Z,https://github.com/owasp-amass/amass
owasp-amass/amass,amass_Linux_i386/amass,v3.23.2,T1AB578D51E9CB40F6DA430D3084AFA37F27316E058B24EAC7E650BF5AF93B5D10A3A159,d172c85b50a7bed824da050d5765b1358f1fc29df2733316b818a07c72832cc5,N/A,2023-05-09T14:33:51Z,https://github.com/owasp-amass/amass
owasp-amass/amass,amass_Windows_amd64/amass.exe,v3.23.2,T119676B83F89181E4C5EED134C5658256BBB03C859B3063D73B20FAB92B76BD46B7A350,0aad62671b59e7a8142e5f7b48bdd285bde925db89d60891aea7d597b41e5de5,9cbefe68f395e67356e2a5d8d1b285c0,2023-05-09T14:33:51Z,https://github.com/owasp-amass/amass
owasp-amass/amass,amass_freebsd_amd64/amass,v3.22.2,T125676A47F48181E8C5AEC130C66692527F707C858B3063D72B60FAB92B76FD4AABD354,4cfe51639f8fb5d112462915460db453f504ad8754052172b5723e8a597394d8,N/A,2023-03-21T03:27:37Z,https://github.com/owasp-amass/amass
owasp-amass/amass,amass_freebsd_arm64/amass,v3.22.2,T167579D7A7C0EA162EAD962B07B6981D0323D7C04DF81D1776120BFFD99F27988F66112,c15b258e6b5220cf19ba679bef8e40aa8b431ebc47d0d4d755b508f5e3975c24,N/A,2023-03-21T03:27:37Z,https://github.com/owasp-amass/amass
owasp-amass/amass,amass_freebsd_i386/amass,v3.22.2,T116577C81F9CB41FAEA030D30649BA26F37356D018B39DAC7E6447F6AF83B1D2197A145,55d93da4aba3259c150b5c32fbbb9f5a6e7b000f763cb67a3d01ea3e5368937d,N/A,2023-03-21T03:27:37Z,https://github.com/owasp-amass/amass
owasp-amass/amass,amass_linux_amd64/amass,v3.22.2,T183676B43F49181E4C5AED130C5259262BB703C859B3427D73B60FAB92B72BE49B7E364,971c224f9c6902421aa5198397ca3acb688e18017e56938cb70015c36400774a,N/A,2023-03-21T03:27:37Z,https://github.com/owasp-amass/amass
owasp-amass/amass,amass_linux_arm/amass,v3.22.2,T14C576D97B4928646C4E82A36BCBD80C837731EB9D78B516B5D04FD783BBE1D90A39344,6e45182070312d11b7f1d5a037df668f5919c3252bf4d6e7279a15bd9fccf82f,N/A,2023-03-21T03:27:37Z,https://github.com/owasp-amass/amass
owasp-amass/amass,amass_linux_arm64/amass,v3.22.2,T1E3579E6ABC0FE562EACC76747BA981D033397C05DF82D1276210BFAD99F27588F62111,645340dcd9d0648a20a1d4c157672f8c19b2ef4087b55ee61d6a8fd0ee1a28d3,N/A,2023-03-21T03:27:37Z,https://github.com/owasp-amass/amass
owasp-amass/amass,amass_linux_i386/amass,v3.22.2,T1B7578D51F9CB40F5E9071D3088AFA36F27306D028B28EAC7E544BF6AF93B5D60976119,0437a6f6e4d03a2460ea5d610f4887cdbfc601fd958042069abe920f62d43ee2,N/A,2023-03-21T03:27:37Z,https://github.com/owasp-amass/amass
owasp-amass/amass,amass_macos_amd64/amass,v3.22.2,T195676B83F88181A8C9DDD134C96582527B70BC459B3067DB7B60FAB86E32BD45BBE350,149cf146cb8b2eee916b8ba63ee09df089a6a422df61e467b7ab877f8a107166,N/A,2023-03-21T03:27:37Z,https://github.com/owasp-amass/amass
owasp-amass/amass,amass_macos_arm64/amass,v3.22.2,T1BE679DE9B80DA561DBCC6670BB9842A4333DBC04DF41D96B6120FE6DACF17D48F6A211,eeb5c00cc7499a89ae275e42a997a5bddc51350af4c914f8139a02919384959b,N/A,2023-03-21T03:27:37Z,https://github.com/owasp-amass/amass
owasp-amass/amass,amass_windows_amd64/amass.exe,v3.22.2,T135676B47E88181E4C5EDD130C5668262BB717C899B3023D73B60FAB92B76BD4AB7D350,e2f6ed2f5d62af721bd2f41daf936a030db29fc19e26ecddaa5513d737464713,9cbefe68f395e67356e2a5d8d1b285c0,2023-03-21T03:27:37Z,https://github.com/owasp-amass/amass
owasp-amass/amass,amass_freebsd_amd64/amass,v3.22.1,T1C5676A47F48181E8C5AED130C66682527F707C858B3063D72B60FAB92B76FD4AABD354,b836f2a63474638b9bd94a9e4e9abff1270be7750a1516768dbb898461af8989,N/A,2023-03-14T03:29:14Z,https://github.com/owasp-amass/amass
owasp-amass/amass,amass_freebsd_arm64/amass,v3.22.1,T137579DBA7C0EA162EAD962B07B6981D0323D7C04DF81D1776150BFFD98F27988F66112,6b7e69e304c5fbebaba0285b61b9b9a700b52549398cf68a713154dc93c12bf2,N/A,2023-03-14T03:29:14Z,https://github.com/owasp-amass/amass
owasp-amass/amass,amass_freebsd_i386/amass,v3.22.1,T158577C41E9CB41FAEA030D30649BA27F37356D018B39DAC7E6447F6AF83B1D6293A145,bf019793ec8621bd41c0c2c8a6e078e1cd025c95ff0de9c3b3b2239f8fa8b9fe,N/A,2023-03-14T03:29:14Z,https://github.com/owasp-amass/amass
owasp-amass/amass,amass_linux_amd64/amass,v3.22.1,T1F0676B43F49181E4C5AED130C5259262BB703C859B3427D73B60FAB92B72BE49B7E364,cfd83b98e7132fc9c10b57e08df60556746c14e988357914c99edebded204705,N/A,2023-03-14T03:29:14Z,https://github.com/owasp-amass/amass
owasp-amass/amass,amass_linux_arm/amass,v3.22.1,T109576D97B9928642C4E43A36BCBD80C837731EB9D78B516B5D04FD783ABE1D90A39344,133b063378be1505b5cdaa983525d3e2eb254df8400975d185edfdda213b7644,N/A,2023-03-14T03:29:14Z,https://github.com/owasp-amass/amass
owasp-amass/amass,amass_linux_arm64/amass,v3.22.1,T117579EAABC0EE562EADC77747BA9819033397C05DF82D1276210BFED95F27588F22111,d8ab242ec3ee6579a96432cab3784da33baf6ba81932c2b057dff9350477941c,N/A,2023-03-14T03:29:14Z,https://github.com/owasp-amass/amass
owasp-amass/amass,amass_linux_i386/amass,v3.22.1,T1DD578D51F9CB40F6E9071D3088AFA36F27306D028F28EAC7E544BF6AE93B5D50976119,0d3e488b815537cd63839d80327e80e2cdb0864fde6cd1355f1cb8638c8e4cb5,N/A,2023-03-14T03:29:14Z,https://github.com/owasp-amass/amass
owasp-amass/amass,amass_macos_amd64/amass,v3.22.1,T172676C83F88241A8C9DDC134C96582527B70BC459B3067DB7B20FAB86E76BD45BBE350,f87a2c27aa8993d598f860c1c3a89a7cacc919c1a92eff49042b7f44d436259d,N/A,2023-03-14T03:29:14Z,https://github.com/owasp-amass/amass
owasp-amass/amass,amass_macos_arm64/amass,v3.22.1,T15E67ADEAB80DA561DBCC6670BB9842A4333DBC04DF41D96B6110FE6DACF17D48F6A211,f784b1419ac04a5c76a91a9e87f1080269fdeac4be7981bbdc80b16e713ce377,N/A,2023-03-14T03:29:14Z,https://github.com/owasp-amass/amass
owasp-amass/amass,amass_windows_amd64/amass.exe,v3.22.1,T1D3676A47E48181E4C5ADD130C5668262BB707C899B3423D73BA0FAB92B77BD4AB7D350,4063045efae7412f4d01fddc2c2d9ed2eb6faff5535d31f9e6263f0894474a9a,9cbefe68f395e67356e2a5d8d1b285c0,2023-03-14T03:29:14Z,https://github.com/owasp-amass/amass
owasp-amass/amass,amass_freebsd_amd64/amass,v3.22.0,T14A676A47F48191E4C5AED130C66682A2BF707C459B3063D73B60FAB92B72BD46ABD350,87f1839766e945ba96d2841c9fe440517fd991a44e14a41cdcfd0d8cca060c95,N/A,2023-03-08T01:15:25Z,https://github.com/owasp-amass/amass
owasp-amass/amass,amass_freebsd_arm64/amass,v3.22.0,T165578D797C0EE562EAD876707B6982D0323EBC05DF82D1775200BFAD98F27989F62111,007550523030e2433428da3c99d1d60aae6d379dcf474395619801df1deda17f,N/A,2023-03-08T01:15:25Z,https://github.com/owasp-amass/amass
owasp-amass/amass,amass_freebsd_i386/amass,v3.22.0,T150578D41F9CB80F6EA030D30649BA26F37356D058B28DAC7E654BF6BF8371D21A7A145,1f08a496f6b1b92b2a42fb2e8ece70c31cfa895e38e26046462267de81ac5dbc,N/A,2023-03-08T01:15:25Z,https://github.com/owasp-amass/amass
owasp-amass/amass,amass_linux_amd64/amass,v3.22.0,T182677B47F49141E4C1AED130C5698262BB703C899B3427D73B60FAB92BB6BD49B7E350,4e2346c0c090a6f3c0d640d438b81947ce1ef7ae037797331124e7cc93d07b47,N/A,2023-03-08T01:15:25Z,https://github.com/owasp-amass/amass
owasp-amass/amass,amass_linux_arm/amass,v3.22.0,T132577E97B4918542C5E82A7ABCBD80C833731EB9DB8B516B5D04FE783BBD1D90A39344,85dfeb39532d6f5d79b1dc524998f3ffc51e669abf6e870a1112f9f9dfde8309,N/A,2023-03-08T01:15:25Z,https://github.com/owasp-amass/amass
owasp-amass/amass,amass_linux_arm64/amass,v3.22.0,T1FA579EAABC0EA562EBCC36747B654294333E7C04DF82D1375204BFAD98F27588F66161,34cdd3f6c81336735f6797b10c71c6fcd69c1d941ce82b594d02d707424e1cba,N/A,2023-03-08T01:15:25Z,https://github.com/owasp-amass/amass
owasp-amass/amass,amass_linux_i386/amass,v3.22.0,T104578D51E9CF40F6EA030D3048AFA36F27316D058B24EAC7E544BF6AF93B5C50976269,f4bac8e8cfaf2b365cbcf810c18daf5cd868f3143437f5ef9dfd57dd14107463,N/A,2023-03-08T01:15:25Z,https://github.com/owasp-amass/amass
owasp-amass/amass,amass_macos_amd64/amass,v3.22.0,T197677C83F89241A8CADDD134C96982527B707C458B3067DB7B20FAB46E72BD45BBE350,bd74f7eba6063b9d3ed61ec6710035cd93608205bdae856c380f32fe6f09bc50,N/A,2023-03-08T01:15:25Z,https://github.com/owasp-amass/amass
owasp-amass/amass,amass_macos_arm64/amass,v3.22.0,T12E679DE5B80DA565DBCC6670BB9442943339BC04DF41D9AB1110FEBDACF27E48F6A221,d1046e856b6ec8db3e64369a330abbb11e9f9b103d84a1e43d187573b0bf5d26,N/A,2023-03-08T01:15:25Z,https://github.com/owasp-amass/amass
owasp-amass/amass,amass_windows_amd64/amass.exe,v3.22.0,T1B3677B47F48581E4C5ADD130C5668262BB707C899F3423D73B60FAB82B72BD4AB7A354,05aa0d93bd550591613361fd6b1f46bdcac6509ab446fd34695e23b7b01f3147,9cbefe68f395e67356e2a5d8d1b285c0,2023-03-08T01:15:25Z,https://github.com/owasp-amass/amass
owasp-amass/amass,amass_freebsd_amd64/amass,v3.21.2,T14D677B83F88181E8C5EED134C56582627BB07C859B3067D72B60FAB92F72BD45B7A350,5244807c2d282f5fbef8693a8b6211cec9a7fd54e6cddf48bd37456df1c7b37b,N/A,2022-12-11T19:08:34Z,https://github.com/owasp-amass/amass
owasp-amass/amass,amass_freebsd_arm64/amass,v3.21.2,T1E8679E6A7C0EE562EBCC37387B6652A4323BBC04DF41D5275521BFADA8F23588F26111,90a4f2052e74dd81fb10dab4a552cfbfacf18280f39df49ee0e83278bedfde4a,N/A,2022-12-11T19:08:34Z,https://github.com/owasp-amass/amass
owasp-amass/amass,amass_freebsd_i386/amass,v3.21.2,T1E9578C81F9CB81F6D9031931A48BA22F37356D018B39DAC7E644BF6BF8771D60A7A144,6bd883f3f21829ede1c85b21e11a5937d277c515290614c6e1c362e7ba501d69,N/A,2022-12-11T19:08:34Z,https://github.com/owasp-amass/amass
owasp-amass/amass,amass_linux_amd64/amass,v3.21.2,T1BD676B43F48181E8C6EDD134C56582A27B703C899B3063DB2B61FAB92B72BD45BBD354,a6f59ffb7ef34c41ed8d62b17a8d26a3f7b62ecc51f1ecb1729e12cc15c71017,N/A,2022-12-11T19:08:34Z,https://github.com/owasp-amass/amass
owasp-amass/amass,amass_linux_arm/amass,v3.21.2,T131576D97B8918646C4E82A36BCBD80C833731EB9DB8B555B5D04FE783ABE1D50E39344,9509f6e43a720e5494707fc336ae357432c27c552e95a962603e2c3e7c026291,N/A,2022-12-11T19:08:34Z,https://github.com/owasp-amass/amass
owasp-amass/amass,amass_linux_arm64/amass,v3.21.2,T1FA679E697C0EE162EACC77747BA652A4323E7C04DF41D6275211BFADA8F235C8F2A111,dc012c69694fd3bc5bd486c61e146971660fdb8d66539ce7932ecb928a5a98b0,N/A,2022-12-11T19:08:34Z,https://github.com/owasp-amass/amass
owasp-amass/amass,amass_linux_i386/amass,v3.21.2,T156578D91F9CB40F6D9030D3048AFE26F27306E058B28EAC7E644BF5AF93B6D51936159,92d77c830038a00973770c5742db4a79506034102ffb4b598edb651b7297dec9,N/A,2022-12-11T19:08:34Z,https://github.com/owasp-amass/amass
owasp-amass/amass,amass_macos_amd64/amass,v3.21.2,T152777C83F49141E8C9DDD234C86582527B70BC459B3067DB2B60FAB96E32BE45BBD360,48de6d6293d57bb6b63ab28e824a1a376d54a4262e49561aed2dbbe8c376e468,N/A,2022-12-11T19:08:34Z,https://github.com/owasp-amass/amass
owasp-amass/amass,amass_macos_arm64/amass,v3.21.2,T14C77ADA6BC0DE565DBC8AB707B9442943339BC00DF41D56B6121FE6EACF13E88F56212,bec522bf6b738256e9bb8bf4f9ac71d6bc4519511a34b073f1b72dfa3887a42d,N/A,2022-12-11T19:08:34Z,https://github.com/owasp-amass/amass
owasp-amass/amass,amass_windows_amd64/amass.exe,v3.21.2,T113677C43F88181E4C5EED134C92992627B703C858B3067D73B61FAB92B76BD85B7A350,b9e9e28e6dc65a56553f1f23a714dbc7a6d53ae4ec9bd46c3212dba59eaff941,9cbefe68f395e67356e2a5d8d1b285c0,2022-12-11T19:08:34Z,https://github.com/owasp-amass/amass
owasp-amass/amass,amass_freebsd_amd64/amass,v3.21.1,T199677B83F88181E8C5EED134C56582627BB07C859B3067D72B60FAB92F72BD45B7A350,39b24a94a6630ae8eadd8c2b161bec5c587a3ca12d999ea897c8e28f09e83c9e,N/A,2022-12-09T07:20:19Z,https://github.com/owasp-amass/amass
owasp-amass/amass,amass_freebsd_arm64/amass,v3.21.1,T138679E6A7C0EE562EBCC37387B6652A4323BBC04DF41D5275521BFADA8F23588F26111,c09cda511d1c5e423b414a13637a5b5e12e9352a2d2974a4d6d8d71324c8b64f,N/A,2022-12-09T07:20:19Z,https://github.com/owasp-amass/amass
owasp-amass/amass,amass_freebsd_i386/amass,v3.21.1,T149578C81F9CB81F6D9031931A48BA22F37356D018B39DAC7E644BF6BF8771D60A7A144,65be2fa6b5164064809ac488fcfc7a65324d14884064ed67304ddbcf062f3f82,N/A,2022-12-09T07:20:19Z,https://github.com/owasp-amass/amass
owasp-amass/amass,amass_linux_amd64/amass,v3.21.1,T11C676B43F48181E8C6EDD134C56582A27B703C899B3063DB2B61FAB92B72BD45BBD354,f6cef69fdd6ff37f9d068a386f437dd8f8b83e7892697ed5450215ee249d95ee,N/A,2022-12-09T07:20:19Z,https://github.com/owasp-amass/amass
owasp-amass/amass,amass_linux_arm/amass,v3.21.1,T1A1576D97B8918646C4E82A36BCBD80C833731EB9DB8B555B5D04FE783ABE1D50E39344,2a5f57431a8cecacc7945558a224819c96a591ba7417631481d769a7c056800e,N/A,2022-12-09T07:20:19Z,https://github.com/owasp-amass/amass
owasp-amass/amass,amass_linux_arm64/amass,v3.21.1,T1EE679E697C0EE162EACC77747BA652A4323D7C04DF41D6275211BFADA8F235C8F2A111,179c47337c02bc8f47cef63dc56eeb0335bd592ad96eea7cf6a63e32ac07dcba,N/A,2022-12-09T07:20:19Z,https://github.com/owasp-amass/amass
owasp-amass/amass,amass_linux_i386/amass,v3.21.1,T1F6578D91F9CB40F6D9030D3048AFE26F27306E058B28EAC7E644BF5AF93B6D51936159,618d69629d69172754ccc928f3003135602fd17a8456f78cc9501e2edc378e9c,N/A,2022-12-09T07:20:19Z,https://github.com/owasp-amass/amass
owasp-amass/amass,amass_macos_amd64/amass,v3.21.1,T148777C83F49141E8C9DDD234C86582527B70BC459B3067DB2B60FAB96E32BE45BBD360,c35773320782f38d26f94371888f21496f10ff78fa3a9e80e42990b4f1957a2f,N/A,2022-12-09T07:20:19Z,https://github.com/owasp-amass/amass
owasp-amass/amass,amass_macos_arm64/amass,v3.21.1,T1C977ADA6BC0DE565DBC8AB707B9442943339BC00DF41D56B6121FE6EACF13E88F56212,1d7a58b58d8976f8740a0c8f2330a8c07aaa9f4cb8b2381a24f80b992a9c8fd1,N/A,2022-12-09T07:20:19Z,https://github.com/owasp-amass/amass
owasp-amass/amass,amass_windows_amd64/amass.exe,v3.21.1,T137677C43F88181E4C5EED134C92992627B703C858B3067D73B61FAB92B76BD85B7A350,a880b62e1cf1f04442ecef4430c1c3fee092ed7e40c4e8dbf6eaae6c5ff277dc,9cbefe68f395e67356e2a5d8d1b285c0,2022-12-09T07:20:19Z,https://github.com/owasp-amass/amass
owasp-amass/amass,amass_freebsd_amd64/amass,v3.21.0,T1F8677B83F88181E8C5EED134C56582627BB07C859B3067D72B60FAB92F72BD45B7A350,d968cd016644e627b36588bda03e1e9b53886969c9720a7fa3bfb97f475bba1d,N/A,2022-12-09T07:02:09Z,https://github.com/owasp-amass/amass
owasp-amass/amass,amass_freebsd_i386/amass,v3.21.0,T1A8578C81F9CB81F6D9031931A48BA22F37356D018B39DAC7E644BF6BF8771D60A7A144,fed8304e9deae5e07437951a29d704dcaf50ceaa57dabe1977d897e63ab82241,N/A,2022-12-09T07:02:09Z,https://github.com/owasp-amass/amass
owasp-amass/amass,amass_linux_amd64/amass,v3.21.0,T1D3676B43F48181E8C6EDD134C56582A27B703C899B3063DB2B61FAB92B72BD45BBD354,a3e4ff947835749ad71363dc406f89a2c17f36be80b5e9f15008109a23eaf21f,N/A,2022-12-09T07:02:09Z,https://github.com/owasp-amass/amass
owasp-amass/amass,amass_linux_arm/amass,v3.21.0,T130576D97B8918646C4E82A36BCBD80C833731EB9DB8B555B5D04FE783ABE1D50E39344,1cb81a337510a16829e145f1ed233c9f71d8b9f000f42d5de9cfe8db59c2797c,N/A,2022-12-09T07:02:09Z,https://github.com/owasp-amass/amass
owasp-amass/amass,amass_linux_arm64/amass,v3.21.0,T193679E697C0EE162EACC77747BA652A4323DBC04DF41D6275211BFADA8F235C8F2A111,795ad9546e3334fdc309a49ecffb734d2338139968d8c71115f26e0348c04e1c,N/A,2022-12-09T07:02:09Z,https://github.com/owasp-amass/amass
owasp-amass/amass,amass_linux_i386/amass,v3.21.0,T1F4578D91F9CB40F6D9030D3048AFE26F27306E058B28EAC7E644BF5AF93B6D51936159,abede401c5c89dae4661b4209b271e8e45ac4959148d6b29bc9bef53ba67c177,N/A,2022-12-09T07:02:09Z,https://github.com/owasp-amass/amass
owasp-amass/amass,amass_macos_amd64/amass,v3.21.0,T1FA777C83F49141E8C9DDD234C86582527B70BC459B3067DB2B60FAB96E32BE45BBD360,cfd80be06f880efbb796012d745d71f94805244bf07bfd1a232460282bec2822,N/A,2022-12-09T07:02:09Z,https://github.com/owasp-amass/amass
owasp-amass/amass,amass_macos_arm64/amass,v3.21.0,T15477ADA6BC0DE565DBC8AB707B9442943339BC00DF41D56B6121FE6EACF13E88F56212,6421324ea5d8985b6cef6161d45a45a5ee1f158314294d84f777bba709daf682,N/A,2022-12-09T07:02:09Z,https://github.com/owasp-amass/amass
owasp-amass/amass,amass_windows_amd64/amass.exe,v3.21.0,T12C677C43F88181E4C5EED134C92992627B703C858B3067D73B61FAB92B76BD85B7A350,b201b287d041c595c66413c9ae24cfbc793ba9d89b85fd8cf67aad065982334f,9cbefe68f395e67356e2a5d8d1b285c0,2022-12-09T07:02:09Z,https://github.com/owasp-amass/amass
owasp-amass/amass,amass_freebsd_amd64/amass,v3.20.0,T101676B43E88181E4C5EED130C66586627BB07C459B3067D73B60FAB92A73BD4AB7E350,0056ecfe2a61c1153343e6c8e550fa5abae18c8e1e0e4405281925fac3c2a839,N/A,2022-09-23T04:53:52Z,https://github.com/owasp-amass/amass
owasp-amass/amass,amass_freebsd_arm64/amass,v3.20.0,T1FE679E69BC4EE462EACC7778B76652A4323DBC04DF81D5276200BFBD99F13588F16122,4469ff90adf017d3f3fbf001b4834c2fe8bd1fc58ea7fd7a09b11691fa927bea,N/A,2022-09-23T04:53:52Z,https://github.com/owasp-amass/amass
owasp-amass/amass,amass_freebsd_i386/amass,v3.20.0,T10F577C81E9CB40F6DA071D30948BA26F37356D018B39DACBF544BF6AF8371D60A7A245,e43d21308c9bdb8827babe764e8b90db9bdda482b0a18edc1f2535cfcf6cea56,N/A,2022-09-23T04:53:52Z,https://github.com/owasp-amass/amass
owasp-amass/amass,amass_linux_amd64/amass,v3.20.0,T1F9676A93F49182E4C5EDD170C56582A2BB707C459B3023D73B21FAB82BB2BD45BBA354,aa2b79b48d39a00f3eca5f698b7a754247c7b5eff70fe3f921790e86c220b330,N/A,2022-09-23T04:53:52Z,https://github.com/owasp-amass/amass
owasp-amass/amass,amass_linux_arm/amass,v3.20.0,T185576C97B8818643C5E83A36BCBD80C833731EB99B8B555B5D04FD783ABE1D90A79344,90f59b29322dfd309d4d4d1c2371cd79aafeab34ee0e11b8460dd4922faefb34,N/A,2022-09-23T04:53:52Z,https://github.com/owasp-amass/amass
owasp-amass/amass,amass_linux_arm64/amass,v3.20.0,T1CB679FBA7C1EE123EACC36707B654190323EBC45CF81D6275601BFAE99F27588F66112,cd2c095c072885c2009a2c2c5d0ae90e9e71bafadd56ae0412734eb18f699af6,N/A,2022-09-23T04:53:52Z,https://github.com/owasp-amass/amass
owasp-amass/amass,amass_linux_i386/amass,v3.20.0,T14B578D51F9CB51F6EA031D3088AFE26F27316D05CB25EAC7E500BF6AE53B5D2093A119,c77811209d7ace3a1d47f87df6a4dbaa591c19cee1782edf2b72115089c86d2f,N/A,2022-09-23T04:53:52Z,https://github.com/owasp-amass/amass
owasp-amass/amass,amass_macos_amd64/amass,v3.20.0,T1D1776C83F48041A8C6DEC674C96982527B70BC459B3067DB3B20FAB56E72BD45BBE350,5786c4c1267d96225db542f530ab5879d746d9c6c47d5c4c6e5f149133f30ec1,N/A,2022-09-23T04:53:52Z,https://github.com/owasp-amass/amass
owasp-amass/amass,amass_macos_arm64/amass,v3.20.0,T19277ADA5B80EA566DBCC6670BBA44294333DBC01CF41D96B2510FE6DACF17D48F6A213,b61028e24da255d7dc9f4d566db15789c3eeb85b79ffa30f4bfc6b3b335ceec0,N/A,2022-09-23T04:53:52Z,https://github.com/owasp-amass/amass
owasp-amass/amass,amass_windows_amd64/amass.exe,v3.20.0,T185676B43F48181E8C5EDD134C56582A27BB03C898B3467D73B60FAB92A76BD45BBE350,1647f49975a738a2130ecad2bf7152f7add08c90ede21d233139022de067fbcc,9cbefe68f395e67356e2a5d8d1b285c0,2022-09-23T04:53:52Z,https://github.com/owasp-amass/amass
owasp-amass/amass,amass_freebsd_amd64/amass,v3.19.3,T168675B57F89105E5C5FEE1308A969321BBB078A5873077E76FD09AA61E35FD06A3E300,f6fbc2cd5e5bc50019a07d8b24ea5156f8fe575b45ba3dbf100ebddd6a6f7d69,N/A,2022-06-23T22:33:39Z,https://github.com/owasp-amass/amass
owasp-amass/amass,amass_freebsd_arm64/amass,v3.19.3,T19B678C15B85DB496EA88A53177F683DC733DB809DAA18337DA34ED588DF1B808F17260,b9b6fb707b2309e43c83f2643cb8e414ce6c9b971faeb67c84790bbf42cf0818,N/A,2022-06-23T22:33:39Z,https://github.com/owasp-amass/amass
owasp-amass/amass,amass_freebsd_i386/amass,v3.19.3,T17D578C80EECF00F6EA475D30A08BA33F67396502D729DACBD5549E47F83B2D60A7A145,f0a363233769068284a7af6d28d991197b0c7b1096cb08c1c5f8f163d8e0c5c7,N/A,2022-06-23T22:33:39Z,https://github.com/owasp-amass/amass
owasp-amass/amass,amass_linux_amd64/amass,v3.19.3,T1CD676D57F89205E5C5FEE0308A959362BF7078A5833077E76F909A6A1E75FD06A3E300,0192618a659d52923ee363bea4ea7f64d262dafb117267d11779a9b17ab155c1,N/A,2022-06-23T22:33:39Z,https://github.com/owasp-amass/amass
owasp-amass/amass,amass_linux_arm/amass,v3.19.3,T11A577DA7B8918697C5E82A36B8BD85C833B31AB9D78B515B4C05DD343FBE1D90E39304,be6e3c266d9cf0920952ca655a27ff88954013079d2afbf085e631e19ecfef01,N/A,2022-06-23T22:33:39Z,https://github.com/owasp-amass/amass
owasp-amass/amass,amass_linux_arm64/amass,v3.19.3,T153678D11BC1DB0E7EACCE63077A582EC333EB444DAA287379A60DAA89DF17544F1B154,940acb11934ac0a38e35bd01148d8b5bcca6d4992804863d3ae35440b78d2c2a,N/A,2022-06-23T22:33:39Z,https://github.com/owasp-amass/amass
owasp-amass/amass,amass_linux_i386/amass,v3.19.3,T198579D92EACB40F6EA070D3084EFA33F273165058329FAC7D1649E57F93B6D50A3615A,81ba03ff6f84c5292b153539a5794590cce307037d6cf8bd360e856a11dffc4f,N/A,2022-06-23T22:33:39Z,https://github.com/owasp-amass/amass
owasp-amass/amass,amass_macos_amd64/amass,v3.19.3,T1EA776C47F89206E4CABEE130858562117B74786583317BDB6FA0DE752D66FE0AB7E300,f2e4bb28937eff1b54e0f710df7f6c1dfa564d10046a93ccbe19093d1e6648c4,N/A,2022-06-23T22:33:39Z,https://github.com/owasp-amass/amass
owasp-amass/amass,amass_macos_arm64/amass,v3.19.3,T1B9777C41B84C65AAEACCB73077A54BEC333DB449DA9186BB9620DE749DF17D08F1B120,8c106e95f8a05cc77ddcf560330aaea22247d4df5105108bca7649d6f5aa9750,N/A,2022-06-23T22:33:39Z,https://github.com/owasp-amass/amass
owasp-amass/amass,amass_windows_amd64/amass.exe,v3.19.3,T12D677C17F8A240E5C6BEE030855193227B71346583343BD71FA49AAA9E75FE87B7E340,7d943f6c89458506967a90b0fc0b0858791ca9adbf65c3d65e388653f319a22c,4035d2883e01d64f3e7a9dccb1d63af5,2022-06-23T22:33:39Z,https://github.com/owasp-amass/amass
owasp-amass/amass,amass_freebsd_amd64/amass,v3.19.2,T1BA675C57F89105E5C5FEE1308A969322BBB174A6833137E76FD09AA61E35FD0663E300,cceabf39e759479fac678649b9b9a6ebdac4ba37c27b2bb2a6aad929cc5813be,N/A,2022-04-16T21:39:02Z,https://github.com/owasp-amass/amass
owasp-amass/amass,amass_freebsd_arm64/amass,v3.19.2,T180679C41B85DB49AEAC8A63177F683DC733DB845CAA18337DA24ED588DF17848F17260,9bd22713e6350b7e72862a92ba51b8f38ce4660390162115834cae38070d55f1,N/A,2022-04-16T21:39:02Z,https://github.com/owasp-amass/amass
owasp-amass/amass,amass_freebsd_i386/amass,v3.19.2,T16F579D90EECF00F6EA436D30A08BA33F67355502C729DAC7D554AE57F83B2D60A7A245,74c9003242ea2efe6b646ae43ea10b8ffd00388279fd836a259bfc9acd694e75,N/A,2022-04-16T21:39:02Z,https://github.com/owasp-amass/amass
owasp-amass/amass,amass_linux_amd64/amass,v3.19.2,T169677D5BF89204E5C5FEE03486959362BFB074A5833077E76FA09A695E35FD06A3E300,55e859a073b962f3330c834de277e5f83a03e1e0674e0d0f5dddc20ae3403488,N/A,2022-04-16T21:39:02Z,https://github.com/owasp-amass/amass
owasp-amass/amass,amass_linux_arm/amass,v3.19.2,T1DA578DA7B8918643C5E82A36B8BD85C833B31AB9D38B556B5C05DD743FBE1D90E39304,e1cf8b8d6732310b56160a773d748460195fb8ea965d2e2dda13c44f82f62811,N/A,2022-04-16T21:39:02Z,https://github.com/owasp-amass/amass
owasp-amass/amass,amass_linux_arm64/amass,v3.19.2,T168677D01BC5DB0D7EACCE630776982EC333EB845DAA28337AA60DAA89DF17544F17154,4b2a49123f8c517c4cee3a10732747c5b50327e5c19a64d8284495e5ee75d6d6,N/A,2022-04-16T21:39:02Z,https://github.com/owasp-amass/amass
owasp-amass/amass,amass_linux_i386/amass,v3.19.2,T1A3579D92EACB40F6EA071D3084EFA33F273165058729FAC7D1649E17F93B6D10A3615A,725d61a2f52006b8958ba15755aa07440f8b431509fcdf7afd917e56c2978c1e,N/A,2022-04-16T21:39:02Z,https://github.com/owasp-amass/amass
owasp-amass/amass,amass_macos_amd64/amass,v3.19.2,T10B776B47E89206E4CABEE13085856311BB74786583317BDB6FA0DEB52D65FE0AB7D300,77bca28b61cbd3587a90a7fd298a4714c23446ca16fb4a9738c9aaa1ea63b14d,N/A,2022-04-16T21:39:02Z,https://github.com/owasp-amass/amass
owasp-amass/amass,amass_macos_arm64/amass,v3.19.2,T114778D41B80C659AEA8CB73077A54BEC333DB849D9A18ABB9530DE749DF17D08F1B160,0ff51eed3a69f853159d2966e2ccbd642a537238a78d59232b072c3016a1d054,N/A,2022-04-16T21:39:02Z,https://github.com/owasp-amass/amass
owasp-amass/amass,amass_windows_amd64/amass.exe,v3.19.2,T1DC677C17F8A240E5C6BEE13081519322BB71346583347BD71FA49AAA5E75FE87B7E300,39ae8534b35ad6fd527b291a89c4b75682b2a4ed21c11e32ed03bc3e24fcc602,4035d2883e01d64f3e7a9dccb1d63af5,2022-04-16T21:39:02Z,https://github.com/owasp-amass/amass
owasp-amass/amass,amass_darwin_amd64/amass,"Mach-O 64-bit x86_64 executable, flags:<|DYLDLINK|PIE>",v5.0.0,T14B675B47E86401E4C6ADD535CA669267BF717C899B3463C72B60F7342F72BD06ABA300,0,e9757dc43834ade872ce34c9e282aaee379123ab77c7b71fbfc035e818a62d0a,N/A,2025-08-03T15:20:54Z,https://github.com/owasp-amass/amass
owasp-amass/amass,amass_darwin_arm64/amass,"Mach-O 64-bit arm64 executable, flags:<|DYLDLINK|PIE>",v5.0.0,T180677C86781D3462DBC9B6756B2A53A8333CAC488FC2C7172614BB6DEDF17948F23251,0,1b0307b082e943d32292388aa987e772cb30ed7a3c10e5ebbfabd61153ddf07c,N/A,2025-08-03T15:20:54Z,https://github.com/owasp-amass/amass
owasp-amass/amass,amass_linux_386/amass,"ELF 32-bit LSB executable, Intel 80386, version 1 (SYSV)",v5.0.0,T16B573B51FADB14F6E9035E3144AFB22F13350D058B28DAC3EA407F1AF977AE2197611A,0,da5e81479fa157405bb9ef6e07cc5aff69037cc72b17c0bfd2951b8272813e16,N/A,2025-08-03T15:20:54Z,https://github.com/owasp-amass/amass
owasp-amass/amass,amass_linux_amd64/amass,"ELF 64-bit LSB executable, x86-64, version 1 (SYSV)",v5.0.0,T1EE675C43E96551E4C0AED535C6269267BF717C888B3463DB2B60F7252FB2BD06ABD300,80,6b2a38d01a037c0eaa6d10ed207e8b3ced8a6c3280c4b2ed870f712aebc69b50,N/A,2025-08-03T15:20:54Z,https://github.com/owasp-amass/amass
owasp-amass/amass,amass_linux_arm64/amass,"ELF 64-bit LSB executable, ARM aarch64, version 1 (SYSV)",v5.0.0,T1F4679D957C1D7462DAC8B675AB251358733CBC448F82C72A2B14BB7DAEF27548F23290,85,8ceac4a28ee826a2b33456127c3d3d7b9f468ec0f0e7013d834b4244abd7e334,N/A,2025-08-03T15:20:54Z,https://github.com/owasp-amass/amass
owasp-amass/amass,amass_linux_armv6/amass,"ELF 32-bit LSB executable, ARM, EABI5 version 1 (SYSV)",v5.0.0,T178672997B5924942C5D83A3BB8BD81C833660EF9CB9B51565D05FE383EBE8D90E39304,0,6ea5edbb2b20e6dbeb9e2ab9c61ecce2b171013f208f92535ceee84404d2c51f,N/A,2025-08-03T15:20:54Z,https://github.com/owasp-amass/amass
owasp-amass/amass,amass_linux_armv7/amass,"ELF 32-bit LSB executable, ARM, EABI5 version 1 (SYSV)",v5.0.0,T125672997B5924942C5E83A7BF87D81C833A60EF9CB8751969D05EE383EBD4D90E39304,0,7eecf21dd652aab852117ddcf799de3083d16ef498d56ecff78a22b796e95086,N/A,2025-08-03T15:20:54Z,https://github.com/owasp-amass/amass
owasp-amass/amass,amass_windows_amd64/amass.exe,"PE32+ executable (console) x86-64, for MS Windows, 8 sections",v5.0.0,T115675C43E86141E4C5ADD534C67A9227BF713C989B3063D72B60F7682F72BD06ABA350,79,0e622281a32f539760c2ae2dc799eaa30a25fdcfc702405600aacaf5a3fc9d35,d42595b695fc008ef2c56aabd8efd68e,2025-08-03T15:20:54Z,https://github.com/owasp-amass/amass
owasp-amass/amass,amass_darwin_amd64/amass,"Mach-O 64-bit x86_64 executable, flags:<|DYLDLINK|PIE>",v5.0.0,T14B675B47E86401E4C6ADD535CA669267BF717C899B3463C72B60F7342F72BD06ABA300,-1,e9757dc43834ade872ce34c9e282aaee379123ab77c7b71fbfc035e818a62d0a,N/A,2025-08-03T15:20:54Z,https://github.com/owasp-amass/amass
owasp-amass/amass,amass_darwin_arm64/amass,"Mach-O 64-bit arm64 executable, flags:<|DYLDLINK|PIE>",v5.0.0,T180677C86781D3462DBC9B6756B2A53A8333CAC488FC2C7172614BB6DEDF17948F23251,-1,1b0307b082e943d32292388aa987e772cb30ed7a3c10e5ebbfabd61153ddf07c,N/A,2025-08-03T15:20:54Z,https://github.com/owasp-amass/amass
owasp-amass/amass,amass_linux_386/amass,"ELF 32-bit LSB executable, Intel 80386, version 1 (SYSV)",v5.0.0,T16B573B51FADB14F6E9035E3144AFB22F13350D058B28DAC3EA407F1AF977AE2197611A,-1,da5e81479fa157405bb9ef6e07cc5aff69037cc72b17c0bfd2951b8272813e16,N/A,2025-08-03T15:20:54Z,https://github.com/owasp-amass/amass
owasp-amass/amass,amass_linux_amd64/amass,"ELF 64-bit LSB executable, x86-64, version 1 (SYSV)",v5.0.0,T1EE675C43E96551E4C0AED535C6269267BF717C888B3463DB2B60F7252FB2BD06ABD300,-1,6b2a38d01a037c0eaa6d10ed207e8b3ced8a6c3280c4b2ed870f712aebc69b50,N/A,2025-08-03T15:20:54Z,https://github.com/owasp-amass/amass
owasp-amass/amass,amass_linux_arm64/amass,"ELF 64-bit LSB executable, ARM aarch64, version 1 (SYSV)",v5.0.0,T1F4679D957C1D7462DAC8B675AB251358733CBC448F82C72A2B14BB7DAEF27548F23290,-1,8ceac4a28ee826a2b33456127c3d3d7b9f468ec0f0e7013d834b4244abd7e334,N/A,2025-08-03T15:20:54Z,https://github.com/owasp-amass/amass
owasp-amass/amass,amass_linux_armv6/amass,"ELF 32-bit LSB executable, ARM, EABI5 version 1 (SYSV)",v5.0.0,T178672997B5924942C5D83A3BB8BD81C833660EF9CB9B51565D05FE383EBE8D90E39304,-1,6ea5edbb2b20e6dbeb9e2ab9c61ecce2b171013f208f92535ceee84404d2c51f,N/A,2025-08-03T15:20:54Z,https://github.com/owasp-amass/amass
owasp-amass/amass,amass_linux_armv7/amass,"ELF 32-bit LSB executable, ARM, EABI5 version 1 (SYSV)",v5.0.0,T125672997B5924942C5E83A7BF87D81C833A60EF9CB8751969D05EE383EBD4D90E39304,-1,7eecf21dd652aab852117ddcf799de3083d16ef498d56ecff78a22b796e95086,N/A,2025-08-03T15:20:54Z,https://github.com/owasp-amass/amass
owasp-amass/amass,amass_windows_amd64/amass.exe,"PE32+ executable (console) x86-64, for MS Windows, 8 sections",v5.0.0,T115675C43E86141E4C5ADD534C67A9227BF713C989B3063D72B60F7682F72BD06ABA350,-1,0e622281a32f539760c2ae2dc799eaa30a25fdcfc702405600aacaf5a3fc9d35,d42595b695fc008ef2c56aabd8efd68e,2025-08-03T15:20:54Z,https://github.com/owasp-amass/amass
