Repo Name,File Name,File Type,Release Version,TLSH Hash,Commit_Distance,Lines Changed,SHA256 Hash,Imphash,Date Added,Intel
koh,Koh.exe,PE32 executable (console) Intel 80386 Mono/.Net assembly; for MS Windows; 3 sections,2e60ce2,T122E2E585A3E94921F1FE8B3899F6050587B3B993AD31E30E29CC525E07337818E617B7,0,N/A,894e9c2f871444cd47d40b9742242fd88728bb9fdfebf895cb0909deb4302f6a,f34d5f2d4577ed6d9ceec516c1f5a744,2025-09-06T07:12:26Z,https://github.com/GhostPack/Koh
koh,Koh.exe,PE32 executable (console) Intel 80386 Mono/.Net assembly; for MS Windows; 3 sections,2e60ce2,T122E2E585A3E94921F1FE8B3899F6050587B3B993AD31E30E29CC525E07337818E617B7,0,N/A,894e9c2f871444cd47d40b9742242fd88728bb9fdfebf895cb0909deb4302f6a,f34d5f2d4577ed6d9ceec516c1f5a744,2025-09-07T05:05:29Z,https://github.com/GhostPack/Koh
koh,Koh.exe,PE32 executable (console) Intel 80386 Mono/.Net assembly; for MS Windows; 3 sections,2e60ce2,T122E2E585A3E94921F1FE8B3899F6050587B3B993AD31E30E29CC525E07337818E617B7,0,N/A,894e9c2f871444cd47d40b9742242fd88728bb9fdfebf895cb0909deb4302f6a,f34d5f2d4577ed6d9ceec516c1f5a744,2025-09-07T06:42:33Z,https://github.com/GhostPack/Koh
koh,Koh.exe,PE32 executable (console) Intel 80386 Mono/.Net assembly; for MS Windows; 3 sections,2e60ce2,T122E2E585A3E94921F1FE8B3899F6050587B3B993AD31E30E29CC525E07337818E617B7,0,N/A,894e9c2f871444cd47d40b9742242fd88728bb9fdfebf895cb0909deb4302f6a,f34d5f2d4577ed6d9ceec516c1f5a744,2025-09-17T03:39:39Z,https://github.com/GhostPack/Koh
koh,Koh.exe,PE32 executable (console) Intel 80386 Mono/.Net assembly; for MS Windows; 3 sections,2e60ce2,T122E2E585A3E94921F1FE8B3899F6050587B3B993AD31E30E29CC525E07337818E617B7,0,N/A,894e9c2f871444cd47d40b9742242fd88728bb9fdfebf895cb0909deb4302f6a,f34d5f2d4577ed6d9ceec516c1f5a744,2025-09-17T05:35:20Z,https://github.com/GhostPack/Koh
koh,Koh.exe,PE32 executable (console) Intel 80386 Mono/.Net assembly; for MS Windows; 3 sections,2e60ce2,T122E2E585A3E94921F1FE8B3899F6050587B3B993AD31E30E29CC525E07337818E617B7,0,N/A,894e9c2f871444cd47d40b9742242fd88728bb9fdfebf895cb0909deb4302f6a,f34d5f2d4577ed6d9ceec516c1f5a744,2025-09-17T08:46:30Z,https://github.com/GhostPack/Koh
koh,Koh.exe,PE32 executable (console) Intel 80386 Mono/.Net assembly; for MS Windows; 3 sections,2e60ce2,T122E2E585A3E94921F1FE8B3899F6050587B3B993AD31E30E29CC525E07337818E617B7,0,N/A,894e9c2f871444cd47d40b9742242fd88728bb9fdfebf895cb0909deb4302f6a,f34d5f2d4577ed6d9ceec516c1f5a744,2025-09-17T11:51:11Z,https://github.com/GhostPack/Koh
koh,Koh.exe,PE32 executable (console) Intel 80386 Mono/.Net assembly; for MS Windows; 3 sections,2e60ce2,T122E2E585A3E94921F1FE8B3899F6050587B3B993AD31E30E29CC525E07337818E617B7,0,N/A,894e9c2f871444cd47d40b9742242fd88728bb9fdfebf895cb0909deb4302f6a,f34d5f2d4577ed6d9ceec516c1f5a744,2025-09-17T14:52:49Z,https://github.com/GhostPack/Koh
koh,Koh.exe,PE32 executable (console) Intel 80386 Mono/.Net assembly; for MS Windows; 3 sections,2e60ce2,T122E2E585A3E94921F1FE8B3899F6050587B3B993AD31E30E29CC525E07337818E617B7,0,N/A,894e9c2f871444cd47d40b9742242fd88728bb9fdfebf895cb0909deb4302f6a,f34d5f2d4577ed6d9ceec516c1f5a744,2025-09-17T15:52:00Z,https://github.com/GhostPack/Koh
koh,Koh.exe,PE32 executable (console) Intel 80386 Mono/.Net assembly; for MS Windows; 3 sections,2e60ce2,T122E2E585A3E94921F1FE8B3899F6050587B3B993AD31E30E29CC525E07337818E617B7,0,N/A,894e9c2f871444cd47d40b9742242fd88728bb9fdfebf895cb0909deb4302f6a,f34d5f2d4577ed6d9ceec516c1f5a744,2025-09-17T16:32:03Z,https://github.com/GhostPack/Koh
koh,Koh.exe,PE32 executable (console) Intel 80386 Mono/.Net assembly; for MS Windows; 3 sections,2e60ce2,T122E2E585A3E94921F1FE8B3899F6050587B3B993AD31E30E29CC525E07337818E617B7,0,N/A,894e9c2f871444cd47d40b9742242fd88728bb9fdfebf895cb0909deb4302f6a,f34d5f2d4577ed6d9ceec516c1f5a744,2025-09-17T16:56:12Z,https://github.com/GhostPack/Koh
